generation,max_fitness,min_fitness,mean,std,genotype,active_nodes
0,0.4,0.0,0.19,0.16248076809271922,[1;0;0;0;1;1;0;1;0;2;1;1;0;0;3;1;2;1;0;2;2;1;0;4;2;3;0;1;5;0;1;9;0;3;7;3;1;2;1;3;8;6;1;3;5;1;5;12;9;3;15],[2;3;4;6;8;9;15]
1,0.4,0.0,0.30000000000000004,0.17320508075688773,[0;3;0;0;1;1;1;5;0;1;1;1;3;5;2;1;2;1;0;2;2;1;0;4;2;3;0;1;5;0;1;9;0;3;7;3;1;2;1;3;8;6;1;3;5;1;5;12;9;3;15],[2;3;4;6;7;8;9;12;15]
